the, 512
a, 258
he, 248
i, 177
of, 172
and, 164
to, 148
was, 140
his, 137
rainsford, 134
in, 108
general, 106
it, 105
you, 105
that, 87
with, 74
had, 68
said, 60
not, 59
s, 56
him, 55
as, 54
on, 53
for, 51
but, 49
my, 45
have, 42
from, 39
there, 37
is, 36
an, 34
me, 34
they, 32
no, 30
one, 29
hunting, 28
then, 28
at, 27
be, 27
so, 26
up, 26
out, 26
were, 25
when, 25
by, 25
night, 24
t, 22
now, 22
if, 22
down, 22
can, 21
eyes, 21
could, 21
this, 20
are, 20
himself, 20
zaroff, 20
what, 19
see, 19
heard, 19
man, 19
made, 18
about, 18
did, 18
ll, 18
hunt, 18
through, 17
we, 17
do, 17
mr, 17
some, 16
will, 16
all, 16
into, 15
saw, 15
sea, 15
them, 15
sound, 15
thought, 15
must, 15
ivan, 15
island, 14
good, 14
again, 14
off, 13
place, 13
black, 13
come, 13
game, 13
think, 13
face, 13
been, 13
animal, 13
your, 13
tree, 13
why, 12
like, 12
jungle, 12
new, 12
where, 12
back, 12
its, 11
ve, 11
even, 11
hunter, 11
came, 11
most, 11
hand, 11
trail, 11
here, 11
go, 10
get, 10
men, 10
well, 10
another, 10
would, 10
more, 10
knew, 10
along, 10
am, 10
only, 10
whitney, 9
yacht, 9
or, 9
has, 9
very, 9
m, 9
stopped, 9
many, 9
hounds, 9
light, 8
great, 8
big, 8
how, 8
before, 8
sleep, 8
three, 8
strong, 8
after, 8
lights, 8
feet, 8
first, 8
life, 8
nerve, 8
giant, 8
fellow, 8
cossack, 8
wish, 8
don, 7
thing, 7
fear, 7
bit, 7
held, 7
never, 7
something, 7
window, 7
too, 7
began, 7
high, 7
almost, 7
against, 7
looked, 7
food, 7
quarry, 7
found, 7
find, 7
smile, 7
coming, 7
shall, 7
follow, 7
oh, 7
smiled, 7
went, 7
every, 7
way, 7
give, 7
than, 7
knife, 7
pit, 7
right, 6
know, 6
thick, 6
should, 6
sport, 6
who, 6
two, 6
dark, 6
whole, 6
which, 6
cry, 6
reached, 6
far, 6
open, 6
clothes, 6
ever, 6
toward, 6
pistol, 6
away, 6
put, 6
ground, 6
long, 6
gave, 6
rest, 6
bed, 6
dear, 6
always, 6
their, 6
took, 6
cigarette, 6
pack, 6
rather, 5
name, 5
upon, 5
enough, 5
hope, 5
world, 5
tell, 5
yes, 5
feel, 5
air, 5
glass, 5
just, 5
darkness, 5
over, 5
time, 5
chance, 5
grew, 5
brought, 5
sharp, 5
weeds, 5
last, 5
pointed, 5
door, 5
stood, 5
revolver, 5
second, 5
room, 5
course, 5
say, 5
reason, 5
called, 5
suggest, 5
dead, 5
swamp, 5
foot, 5
nearer, 5
asked, 4
old, 4
sailors, 4
fall, 4
bush, 4
hundred, 4
jaguar, 4
re, 4
perhaps, 4
death, 4
god, 4
seemed, 4
evil, 4
near, 4
sometimes, 4
danger, 4
going, 4
direction, 4
leaped, 4
lips, 4
lost, 4
head, 4
tried, 4
water, 4
struck, 4
faint, 4
strength, 4
cut, 4
shore, 4
opened, 4
kind, 4
small, 4
suppose, 4
turned, 4
chateau, 4
steps, 4
real, 4
let, 4
pointing, 4
answer, 4
evening, 4
voice, 4
shook, 4
read, 4
want, 4
huge, 4
tigers, 4
cape, 4
buffalo, 4
dangerous, 4
left, 4
may, 4
hunted, 4
mind, 4
mine, 4
nothing, 4
day, 4
mean, 4
young, 4
raised, 4
bottle, 4
shoulders, 4
idea, 4
flight, 4
branches, 4
climbed, 4
still, 4
large, 3
call, 3
remarked, 3
trying, 3
pressed, 3
blackness, 3
laugh, 3
seen, 3
moving, 3
four, 3
yards, 3
nor, 3
make, 3
days, 3
best, 3
does, 3
luckily, 3
suggested, 3
hardly, 3
such, 3
devil, 3
blue, 3
ship, 3
turn, 3
smoke, 3
sat, 3
startled, 3
someone, 3
gun, 3
times, 3
mouth, 3
short, 3
strokes, 3
tight, 3
slender, 3
entirely, 3
shots, 3
swam, 3
try, 3
fresh, 3
shot, 3
ten, 3
effort, 3
rocks, 3
forced, 3
hands, 3
trees, 3
underbrush, 3
sign, 3
wounded, 3
finished, 3
stone, 3
tall, 3
knocker, 3
above, 3
within, 3
straight, 3
heart, 3
fell, 3
sanger, 3
dressed, 3
uniform, 3
gray, 3
slight, 3
pleasure, 3
explained, 3
russian, 3
showed, 3
red, 3
please, 3
dinner, 3
wait, 3
below, 3
hall, 3
heads, 3
perfect, 3
table, 3
silver, 3
any, 3
got, 3
moment, 3
slowly, 3
really, 3
case, 3
thank, 3
match, 3
much, 3
other, 3
believe, 3
civilized, 3
quite, 3
show, 3
use, 3
earth, 3
wide, 3
these, 3
visit, 3
dozen, 3
hours, 3
need, 3
play, 3
once, 3
win, 3
dogs, 3
courtyard, 3
tonight, 3
feeling, 3
brain, 3
lay, 3
morning, 3
taking, 3
woods, 3
things, 3
leave, 3
told, 3
quicksand, 3
behind, 3
fox, 3
cat, 3
mark, 3
breath, 3
shoulder, 3
stakes, 3
baying, 3
somewhere, 2
trap, 2
isn, 2
curious, 2
dread, 2
warm, 2
moose, 2
brown, 2
caribbean, 2
guns, 2
amazon, 2
talk, 2
feels, 2
observed, 2
pain, 2
laughed, 2
making, 2
soft, 2
hunters, 2
yet, 2
bad, 2
cannibals, 2
live, 2
sailor, 2
lore, 2
today, 2
those, 2
look, 2
sir, 2
us, 2
sudden, 2
chill, 2
breeze, 2
flat, 2
plate, 2
felt, 2
sort, 2
tangible, 2
speak, 2
glad, 2
pipe, 2
swish, 2
wash, 2
puffed, 2
without, 2
ears, 2
moved, 2
rail, 2
greater, 2
hoarse, 2
waters, 2
swimming, 2
slow, 2
fought, 2
terror, 2
muttered, 2
minutes, 2
welcome, 2
breaking, 2
upward, 2
edge, 2
cliffs, 2
hold, 2
tumbled, 2
deepest, 2
sun, 2
given, 2
cheerfully, 2
closely, 2
crushed, 2
moss, 2
crimson, 2
caught, 2
twenty, 2
brute, 2
hoped, 2
boots, 2
log, 2
loose, 2
beginning, 2
towers, 2
set, 2
mirage, 2
lifted, 2
stiffly, 2
used, 2
closed, 2
suddenly, 2
spring, 2
gold, 2
largest, 2
waist, 2
regarded, 2
york, 2
military, 2
attention, 2
broad, 2
added, 2
honor, 2
home, 2
white, 2
eyebrows, 2
turning, 2
teeth, 2
restful, 2
bedroom, 2
six, 2
followed, 2
silent, 2
laid, 2
none, 2
dining, 2
animals, 2
specimens, 2
cocktail, 2
finest, 2
rich, 2
half, 2
preserve, 2
finding, 2
host, 2
true, 2
studying, 2
rains, 2
ate, 2
monster, 2
sipped, 2
wine, 2
same, 2
nodded, 2
naturally, 2
stock, 2
ceased, 2
interest, 2
years, 2
thrill, 2
offered, 2
done, 2
filled, 2
makes, 2
trigger, 2
quarter, 2
sportsman, 2
little, 2
shoot, 2
killed, 2
country, 2
czar, 2
stay, 2
american, 2
continued, 2
africa, 2
hit, 2
cunning, 2
sighed, 2
wits, 2
lying, 2
terrible, 2
pushed, 2
bore, 2
america, 2
pieces, 2
doubtless, 2
problems, 2
doubt, 2
myself, 2
lit, 2
instinct, 2
leaned, 2
across, 2
inspiration, 2
quiet, 2
joke, 2
house, 2
exciting, 2
ideal, 2
serious, 2
murder, 2
ideas, 2
value, 2
cold, 2
expect, 2
point, 2
ah, 2
appear, 2
wager, 2
word, 2
ill, 2
lived, 2
hound, 2
worth, 2
score, 2
hotly, 2
fashion, 2
providence, 2
crush, 2
dropped, 2
trace, 2
splendid, 2
tomorrow, 2
luck, 2
lot, 2
supply, 2
excellent, 2
start, 2
invariably, 2
sent, 2
extremely, 2
hummed, 2
library, 2
excuse, 2
eh, 2
tired, 2
being, 2
green, 2
chablis, 2
shrugged, 2
delicately, 2
corner, 2
drink, 2
playing, 2
thinking, 2
agree, 2
discuss, 2
moccasins, 2
lazarus, 2
take, 2
dusk, 2
au, 2
revoir, 2
under, 2
carried, 2
sheath, 2
rested, 2
keep, 2
between, 2
grip, 2
frame, 2
following, 2
ridge, 2
played, 2
limb, 2
beneath, 2
impulse, 2
inch, 2
ring, 2
fainter, 2
difficult, 2
failed, 2
mouse, 2
slid, 2
hiding, 2
living, 2
escaped, 2
blade, 2
touched, 2
congratulate, 2
stepped, 2
forward, 2
sucked, 2
minute, 2
standing, 2
wild, 2
drew, 2
figure, 2
ahead, 2
sapling, 2
bay, 2
gap, 2
better, 2
mystery, 1
charts, 1
'ship, 1
', 1
replied, 1
suggestive, 1
superstition, 1
peer, 1
dank, 1
tropical, 1
palpable, 1
pick, 1
miles, 1
moonless, 1
admitted, 1
ugh, 1
moist, 1
velvet, 1
rio, 1
promised, 1
few, 1
purdey, 1
agreed, 1
amended, 1
rot, 1
philosopher, 1
cares, 1
bah, 1
understanding, 1
understand, 1
nonsense, 1
hot, 1
weather, 1
realist, 1
classes, 1
huntees, 1
passed, 1
reputation, 1
wouldn, 1
forsaken, 1
gotten, 1
somehow, 1
didn, 1
notice, 1
crew, 1
nerves, 1
jumpy, 1
strange, 1
mention, 1
captain, 1
nielsen, 1
tough, 1
minded, 1
swede, 1
d, 1
ask, 1
fishy, 1
among, 1
seafaring, 1
gravely, 1
anything, 1
actually, 1
poisonous, 1
mustn, 1
drawing, 1
mental, 1
pure, 1
imagination, 1
superstitious, 1
taint, 1
company, 1
maybe, 1
extra, 1
sense, 1
tells, 1
wave, 1
lengths, 1
broadcast, 1
vibrations, 1
anyhow, 1
getting, 1
zone, 1
sleepy, 1
afterdeck, 1
breakfast, 1
muffled, 1
throb, 1
engine, 1
drove, 1
swiftly, 1
ripple, 1
propeller, 1
reclining, 1
steamer, 1
chair, 1
indolently, 1
favorite, 1
brier, 1
sensuous, 1
drowsiness, 1
closing, 1
eyelids, 1
abrupt, 1
expert, 1
matters, 1
mistaken, 1
fired, 1
sprang, 1
quickly, 1
mystified, 1
strained, 1
reports, 1
blanket, 1
balanced, 1
elevation, 1
striking, 1
rope, 1
knocked, 1
lunged, 1
realized, 1
balance, 1
pinched, 1
blood, 1
dosed, 1
struggled, 1
surface, 1
speeding, 1
slapped, 1
salt, 1
gag, 1
strangle, 1
desperately, 1
receding, 1
swum, 1
fifty, 1
certain, 1
coolheadedness, 1
cries, 1
aboard, 1
raced, 1
wrestled, 1
shouted, 1
power, 1
became, 1
vanishing, 1
fireflies, 1
blotted, 1
remembered, 1
doggedly, 1
deliberate, 1
conserving, 1
seemingly, 1
endless, 1
count, 1
possibly, 1
screaming, 1
extremity, 1
anguish, 1
recognize, 1
vitality, 1
noise, 1
crisp, 1
staccato, 1
determined, 1
muttering, 1
growling, 1
rocky, 1
less, 1
calm, 1
shattered, 1
remaining, 1
dragged, 1
swirling, 1
jagged, 1
crags, 1
appeared, 1
jut, 1
opaqueness, 1
gasping, 1
raw, 1
top, 1
dense, 1
perils, 1
tangle, 1
might, 1
concern, 1
safe, 1
enemy, 1
utter, 1
weariness, 1
flung, 1
headlong, 1
position, 1
late, 1
afternoon, 1
vigor, 1
hunger, 1
picking, 1
wondered, 1
forbidding, 1
unbroken, 1
front, 1
snarled, 1
ragged, 1
fringed, 1
knit, 1
web, 1
easier, 1
floundered, 1
landed, 1
evidence, 1
thrashed, 1
lacerated, 1
patch, 1
stained, 1
glittering, 1
object, 1
eye, 1
picked, 1
empty, 1
cartridge, 1
odd, 1
fairly, 1
tackle, 1
clear, 1
fight, 1
flushed, 1
trailed, 1
examined, 1
print, 1
cliff, 1
eagerly, 1
hurried, 1
slipping, 1
rotten, 1
headway, 1
settle, 1
bleak, 1
blacking, 1
sighted, 1
crook, 1
coast, 1
line, 1
village, 1
forged, 1
astonishment, 1
enormous, 1
building, 1
lofty, 1
structure, 1
plunging, 1
gloom, 1
shadowy, 1
outlines, 1
palatial, 1
bluff, 1
sides, 1
dived, 1
licked, 1
greedy, 1
shadows, 1
spiked, 1
iron, 1
gate, 1
massive, 1
leering, 1
gargoyle, 1
hung, 1
unreality, 1
creaked, 1
booming, 1
loudness, 1
remained, 1
heavy, 1
blinking, 1
river, 1
glaring, 1
poured, 1
discerned, 1
gigantic, 1
creature, 1
solidly, 1
bearded, 1
barreled, 1
snarl, 1
beard, 1
alarmed, 1
disarming, 1
robber, 1
city, 1
menacing, 1
change, 1
rigidly, 1
statue, 1
understood, 1
words, 1
trimmed, 1
astrakhan, 1
hungry, 1
raise, 1
thumb, 1
hammer, 1
free, 1
forehead, 1
salute, 1
click, 1
heels, 1
together, 1
stand, 1
marble, 1
erect, 1
advanced, 1
cultivated, 1
marked, 1
accent, 1
precision, 1
deliberateness, 1
celebrated, 1
automatically, 1
book, 1
snow, 1
leopards, 1
tibet, 1
impression, 1
singularly, 1
handsome, 1
original, 1
bizarre, 1
quality, 1
past, 1
middle, 1
age, 1
hair, 1
vivid, 1
mustache, 1
bright, 1
cheekbones, 1
sharpcut, 1
nose, 1
spare, 1
giving, 1
orders, 1
aristocrat, 1
saluted, 1
withdrew, 1
incredibly, 1
misfortune, 1
deaf, 1
dumb, 1
simple, 1
afraid, 1
race, 1
savage, 1
shouldn, 1
chatting, 1
later, 1
spot, 1
reappeared, 1
spoke, 1
forth, 1
fit, 1
beam, 1
ceilinged, 1
canopied, 1
suit, 1
noticed, 1
london, 1
tailor, 1
ordinarily, 1
sewed, 1
rank, 1
duke, 1
conducted, 1
ways, 1
remarkable, 1
medieval, 1
magnificence, 1
baronial, 1
feudal, 1
oaken, 1
panels, 1
ceiling, 1
vast, 1
refectory, 1
tables, 1
twoscore, 1
sit, 1
eat, 1
mounted, 1
lions, 1
elephants, 1
bears, 1
larger, 1
sitting, 1
alone, 1
surpassingly, 1
noted, 1
apointments, 1
linen, 1
crystal, 1
china, 1
eating, 1
borsch, 1
soup, 1
whipped, 1
cream, 1
palates, 1
apologetically, 1
our, 1
amenities, 1
civilization, 1
forgive, 1
lapses, 1
beaten, 1
track, 1
champagne, 1
suffered, 1
ocean, 1
trip, 1
least, 1
declared, 1
thoughtful, 1
affable, 1
cosmopolite, 1
trait, 1
uncomfortable, 1
whenever, 1
appraising, 1
narrowly, 1
surprised, 1
recognized, 1
books, 1
published, 1
english, 1
french, 1
passion, 1
ford, 1
wonderful, 1
particularly, 1
cooked, 1
filet, 1
mignon, 1
charge, 1
hurled, 1
fractured, 1
skull, 1
ord, 1
reply, 1
smiling, 1
lipped, 1
wrong, 1
tone, 1
expressed, 1
surprise, 1
biggest, 1
imported, 1
ago, 1
exhausted, 1
possibilities, 1
pocket, 1
guest, 1
tip, 1
perfumed, 1
smell, 1
incense, 1
capital, 1
society, 1
amused, 1
modesty, 1
rare, 1
invented, 1
sensation, 1
pour, 1
port, 1
both, 1
glasses, 1
poets, 1
kings, 1
beggars, 1
father, 1
million, 1
acres, 1
crimea, 1
ardent, 1
five, 1
specially, 1
moscow, 1
sparrows, 1
prize, 1
turkeys, 1
punish, 1
complimented, 1
marksmanship, 1
bear, 1
caucasus, 1
prolonged, 1
army, 1
expected, 1
noblemen, 1
sons, 1
commanded, 1
division, 1
cavalry, 1
land, 1
impossible, 1
debacle, 1
russia, 1
imprudent, 1
officer, 1
noble, 1
russians, 1
everything, 1
invested, 1
heavily, 1
securities, 1
tearoom, 1
monte, 1
carlo, 1
drive, 1
taxi, 1
paris, 1
grizzliest, 1
rockies, 1
crocodiles, 1
ganges, 1
rhinoceroses, 1
east, 1
months, 1
soon, 1
recovered, 1
started, 1
jaguars, 1
unusually, 1
weren, 1
powered, 1
rifle, 1
bitterly, 1
disappointed, 1
tent, 1
splitting, 1
headache, 1
remember, 1
businessmen, 1
often, 1
business, 1
analytical, 1
enjoy, 1
chase, 1
longer, 1
fascinated, 1
younger, 1
guess, 1
simply, 1
sporting, 1
proposition, 1
become, 1
easy, 1
perfection, 1
boast, 1
mathematical, 1
certainty, 1
legs, 1
tragic, 1
absorbed, 1
saying, 1
faced, 1
obstacle, 1
surmounted, 1
success, 1
invent, 1
joking, 1
needed, 1
bought, 1
built, 1
purposes, 1
jungles, 1
maze, 1
traits, 1
hills, 1
swamps, 1
supplies, 1
compares, 1
instant, 1
grow, 1
bored, 1
bewilderment, 1
wanted, 1
attributes, 1
courage, 1
able, 1
objected, 1
gasped, 1
grisly, 1
speaking, 1
entire, 1
nature, 1
quizzically, 1
refuse, 1
modern, 1
seem, 1
harbors, 1
romantic, 1
human, 1
surely, 1
experiences, 1
war, 1
condone, 1
blooded, 1
laughter, 1
extraordinarily, 1
droll, 1
nowadays, 1
educated, 1
class, 1
naive, 1
mid, 1
victorian, 1
view, 1
snuffbox, 1
limousine, 1
puritan, 1
ancestors, 1
americans, 1
forget, 1
notions, 1
genuine, 1
store, 1
murderer, 1
unruffled, 1
unpleasant, 1
scruples, 1
founded, 1
needs, 1
taken, 1
weak, 1
gift, 1
scum, 1
tramp, 1
ships, 1
lassars, 1
blacks, 1
chinese, 1
whites, 1
mongrels, 1
thoroughbred, 1
horse, 1
precisely, 1
gives, 1
eyelid, 1
fluttered, 1
wink, 1
answered, 1
angry, 1
seas, 1
sends, 1
help, 1
watch, 1
exclaimed, 1
button, 1
flash, 1
chuckled, 1
indicate, 1
channel, 1
razor, 1
edges, 1
crouch, 1
jaws, 1
easily, 1
nut, 1
walnut, 1
hardwood, 1
floor, 1
heel, 1
grinding, 1
casually, 1
question, 1
electricity, 1
anger, 1
pleasant, 1
manner, 1
righteous, 1
assure, 1
barbarous, 1
treat, 1
visitors, 1
consideration, 1
plenty, 1
exercise, 1
physical, 1
condition, 1
yourself, 1
training, 1
school, 1
cellar, 1
pupils, 1
spanish, 1
bark, 1
san, 1
lucar, 1
inferior, 1
regret, 1
poor, 1
accustomed, 1
deck, 1
served, 1
waiter, 1
turkish, 1
coffee, 1
tongue, 1
check, 1
pursued, 1
blandly, 1
armed, 1
smallest, 1
caliber, 1
range, 1
eludes, 1
wins, 1
loses, 1
refuses, 1
option, 1
doesn, 1
serving, 1
official, 1
knouter, 1
own, 1
choose, 1
widened, 1
date, 1
hastily, 1
braggart, 1
afford, 1
elementary, 1
problem, 1
occasionally, 1
strike, 1
tartar, 1
eventually, 1
steered, 1
windows, 1
flickering, 1
illumination, 1
grotesque, 1
patterns, 1
shapes, 1
glittered, 1
greenly, 1
seven, 1
anyone, 1
regrettable, 1
occur, 1
snatch, 1
song, 1
folies, 1
bergere, 1
collection, 1
indeed, 1
inquired, 1
solicitously, 1
natural, 1
swim, 1
promising, 1
prospect, 1
hurrying, 1
sorry, 1
fair, 1
looks, 1
resourceful, 1
pajamas, 1
softest, 1
silk, 1
fiber, 1
nevertheless, 1
opiate, 1
stealthy, 1
corridor, 1
outside, 1
sought, 1
throw, 1
fragment, 1
sallow, 1
moon, 1
wan, 1
dimly, 1
weaving, 1
pattern, 1
shadow, 1
noiseless, 1
forms, 1
expectantly, 1
methods, 1
achieved, 1
doze, 1
report, 1
until, 1
luncheon, 1
faultlessly, 1
tweeds, 1
squire, 1
solicitous, 1
state, 1
health, 1
worried, 1
detected, 1
traces, 1
complaint, 1
questioning, 1
glance, 1
ennui, 1
boredom, 1
helping, 1
cr, 1
pes, 1
suzette, 1
trouble, 1
dull, 1
brains, 1
begin, 1
excessively, 1
stupid, 1
obvious, 1
annoying, 1
firmly, 1
thickets, 1
hurt, 1
protested, 1
brightened, 1
venerable, 1
dusty, 1
hothouse, 1
grape, 1
friend, 1
choice, 1
rests, 1
venture, 1
diverting, 1
scowling, 1
arms, 1
crossed, 1
hogshead, 1
chest, 1
cried, 1
foeman, 1
worthy, 1
steel, 1
staring, 1
enthusiastically, 1
woodcraft, 1
stamina, 1
outdoor, 1
chess, 1
stake, 1
huskily, 1
acknowledge, 1
defeat, 1
midnight, 1
third, 1
sloop, 1
mainland, 1
town, 1
trust, 1
gentleman, 1
hence, 1
veuve, 1
cliquot, 1
unless, 1
businesslike, 1
animated, 1
wear, 1
poorer, 1
avoid, 1
southeast, 1
foolish, 1
deplorable, 1
part, 1
imagine, 1
feelings, 1
loved, 1
beg, 1
siesta, 1
lunch, 1
nap, 1
till, 1
deep, 1
courtly, 1
bow, 1
strolled, 1
arm, 1
khaki, 1
haversack, 1
leather, 1
containing, 1
bladed, 1
cocked, 1
thrust, 1
sash, 1
clearheaded, 1
gates, 1
snapped, 1
shut, 1
distance, 1
end, 1
plunged, 1
spurred, 1
rowers, 1
panic, 1
situation, 1
futile, 1
inevitably, 1
bring, 1
picture, 1
operations, 1
clearly, 1
rude, 1
path, 1
trackless, 1
wilderness, 1
executed, 1
series, 1
intricate, 1
loops, 1
doubled, 1
recalling, 1
dodges, 1
leg, 1
weary, 1
lashed, 1
thickly, 1
wooded, 1
insane, 1
blunder, 1
imperative, 1
fable, 1
trunk, 1
outspread, 1
care, 1
slightest, 1
crotch, 1
stretching, 1
limbs, 1
confidence, 1
security, 1
zealous, 1
complicated, 1
apprehensive, 1
crawled, 1
snake, 1
although, 1
silence, 1
dingy, 1
varnishing, 1
sky, 1
bird, 1
focused, 1
carefully, 1
winding, 1
flattened, 1
screen, 1
leaves, 1
tapestry, 1
watched, 1
approaching, 1
fixed, 1
utmost, 1
concentration, 1
paused, 1
knees, 1
studied, 1
hurl, 1
panther, 1
metallic, 1
automatic, 1
several, 1
puzzled, 1
straightened, 1
cigarettes, 1
pungent, 1
incenselike, 1
floated, 1
nostrils, 1
traveling, 1
froze, 1
muscle, 1
tensed, 1
spread, 1
deliberately, 1
blew, 1
walked, 1
carelessly, 1
pent, 1
burst, 1
lungs, 1
sick, 1
numb, 1
uncanny, 1
powers, 1
merest, 1
shudder, 1
horror, 1
truth, 1
evident, 1
mists, 1
saving, 1
full, 1
meaning, 1
lose, 1
machinery, 1
function, 1
precariously, 1
smaller, 1
throwing, 1
sack, 1
work, 1
energy, 1
job, 1
threw, 1
fallen, 1
sureness, 1
bloodhound, 1
searching, 1
grass, 1
bent, 1
twig, 1
matter, 1
intent, 1
stalking, 1
protruding, 1
bough, 1
sensed, 1
agility, 1
ape, 1
quick, 1
adjusted, 1
crashed, 1
glancing, 1
blow, 1
alertness, 1
smashed, 1
staggered, 1
drop, 1
rubbing, 1
injured, 1
gripping, 1
mocking, 1
malay, 1
mancatcher, 1
malacca, 1
proving, 1
interesting, 1
wound, 1
nursing, 1
bruised, 1
gone, 1
desperate, 1
hopeless, 1
softer, 1
vegetation, 1
ranker, 1
denser, 1
insects, 1
savagely, 1
sank, 1
ooze, 1
wrench, 1
muck, 1
viciously, 1
leech, 1
violent, 1
tore, 1
tear, 1
softness, 1
prehistoric, 1
beaver, 1
dig, 1
dug, 1
france, 1
delay, 1
meant, 1
placid, 1
pastime, 1
compared, 1
digging, 1
deeper, 1
hard, 1
saplings, 1
sharpened, 1
fine, 1
planted, 1
bottom, 1
points, 1
sticking, 1
flying, 1
fingers, 1
wove, 1
rough, 1
carpet, 1
covered, 1
wet, 1
sweat, 1
aching, 1
tiredness, 1
crouched, 1
stump, 1
lightning, 1
charred, 1
pursuer, 1
padding, 1
perfume, 1
unusual, 1
swiftness, 1
crouching, 1
year, 1
aloud, 1
joy, 1
crackle, 1
cover, 1
scream, 1
concealment, 1
cowered, 1
electric, 1
torch, 1
burmese, 1
tiger, 1
claimed, 1
amusing, 1
daybreak, 1
awakened, 1
learn, 1
distant, 1
wavering, 1
suicide, 1
flee, 1
postponing, 1
inevitable, 1
tightening, 1
belt, 1
headed, 1
watercourse, 1
mile, 1
straining, 1
lean, 1
whose, 1
surged, 1
pulled, 1
unseen, 1
force, 1
holding, 1
leash, 1
worked, 1
frantically, 1
native, 1
trick, 1
learned, 1
uganda, 1
springy, 1
fastened, 1
grapevine, 1
tied, 1
ran, 1
voices, 1
scent, 1
stop, 1
abruptly, 1
shinned, 1
excitedly, 1
pursuers, 1
died, 1
shallow, 1
valley, 1
driven, 1
recoil, 1
springing, 1
wholly, 1
panted, 1
dashed, 1
cove, 1
gloomy, 1
rumbled, 1
hissed, 1
hesitated, 1
regarding, 1
expanse, 1
brandy, 1
flask, 1
madame, 1
butterfly, 1
exceedingly, 1
paneled, 1
pol, 1
roger, 1
chambertin, 1
annoyances, 1
kept, 1
enjoyment, 1
replace, 1
hadn, 1
tasted, 1
liqueur, 1
soothe, 1
works, 1
marcus, 1
aurelius, 1
deliciously, 1
locked, 1
moonlight, 1
switched, 1
curtains, 1
screamed, 1
quicker, 1
walking, 1
won, 1
beast, 1
low, 1
ready, 1
bows, 1
furnish, 1
repast, 1
guard, 1
slept, 1
decided, 1